{
    "Tchirp_usec": 17.760000228881836,
    "Tframe_msec": 27.2793603515625,
    "Tloop_usec": 213.12000274658203,
    "adcStartTimeConst_usec": 2.7100000381469727,
    "bandwidth_MHz": 383.7696044921875,
    "bandwidth_MHz_valid": 472.51633239334114,
    "chirpEndIdx": 11,
    "chirpStartIdx": 0,
    "digOutSampleRate_ksps": 20000.0,
    "fps_Hz": 10.0,
    "framePeriodicity_msec": 100.0,
    "freqSlopeConst_MHz_usec": 29.98200035095215,
    "freq_center_GHz": 77.2731360243409,
    "idleTimeConst_usec": 2.0,
    "lambda_center_mm": 3.8823324046988406,
    "light_speed_m_sec": 300000000.0,
    "name": "mode1",
    "numAdcSamples": 256,
    "numChirps": 12,
    "numDevices": 4,
    "numFrames": 682,
    "numLoops": 128,
    "numRXPerDevice": 4,
    "numTXPerDevice": 3,
    "rampEndTime_usec": 15.760000228881836,
    "range_max_m": 100.06003485036742,
    "range_res_m": 0.3908595111342477,
    "startFreqConst_GHz": 77.0,
    "velocity_max_m_sec": 4.554162390513934,
    "velocity_res_m_sec": 0.07115878735178022
}